Date,Open,High,Low,Close,Volume,Adj Close,Return
2016/2/9,860,870,842.5,862.5,1042500,862.5,0.000580046
2016/2/8,906,909.5,860,862,1211400,862,-0.044875346
2016/2/5,892.5,913,891.5,902.5,1526700,902.5,0.015756894
2016/2/4,889.5,893,874.5,888.5,2752500,888.5,0.013690816
2016/2/3,890,892.5,865.5,876.5,1497100,876.5,-0.019026301
2016/2/2,911.5,913.5,887.5,893.5,1286300,893.5,-0.016510732
2016/2/1,920,920,901.5,908.5,2666900,908.5,-0.007103825
2016/1/29,919,922.5,910,915,1637000,915,0.004390779
2016/1/28,921.5,922,907.5,911,1073000,911,-0.014602488
2016/1/27,922.5,925.5,913.5,924.5,953800,924.5,0.004345464
2016/1/26,911.5,922,908.5,920.5,1323200,920.5,0.000543478
2016/1/25,936.5,937.5,916,920,903600,920,-0.014461703
2016/1/22,931,936.5,922,933.5,774800,933.5,0.019104803
2016/1/21,911,922,907,916,1424700,916,0.00770077
2016/1/20,930.5,932.5,904.5,909,978600,909,-0.042654028
2016/1/19,946.5,952.5,938.5,949.5,1246800,949.5,0.018230563
2016/1/18,945,953.5,930.634,932.5,1009600,932.5,-0.012705135
2016/1/15,974.5,981.5,941,944.5,1519900,944.5,-0.030785018
2016/1/14,984,987.25,962,974.5,1070000,974.5,-0.016649849
2016/1/13,973,1001,966.93,991,1273600,991,0.038239916
2016/1/12,946.5,967,941.5,954.5,727200,954.5,0.013269639
2016/1/11,949.5,957,941.5,942,843200,942,-0.011542497
2016/1/8,966.5,970.5,953,953,672000,953,-0.014477766
2016/1/7,952.5,979.5,946.22,967,1241600,967,-0.004119464
2016/1/6,983,985,960.5,971,754500,971,-0.019191919
2016/1/5,991,1002,979.5,990,578300,990,0
2016/1/4,1007,1011,986,990,785400,990,-0.025590551
2015/12/31,1016,1024,1013.78,1016,184700,1016,0.000985222
2015/12/30,1025,1037,1013,1015,480600,1015,-0.009756098
2015/12/29,1030,1036,1019,1025,653100,1025,0.001955034
2015/12/24,1027,1027,917,1023,67100,1023,0.002941176
2015/12/23,998,1023,998,1020,541800,1020,0.02926337
2015/12/22,992,993.5,978,991,652400,991,0.007113821
2015/12/21,978.5,994.5,973,984,786500,984,0.007680492
2015/12/18,987,995,974.5,976.5,1320300,976.5,-0.017605634
2015/12/17,1003,1009,994,994,897100,994,0.008625063
2015/12/16,984.5,995,982.5,985.5,865400,985.5,-0.001519757
2015/12/15,982.5,992.5,980.08,987,842300,987,0.011788826
2015/12/14,988,1004,975.012,975.5,937300,975.5,-0.01414856
2015/12/11,997,1002,985.5,989.5,1347600,989.5,-0.0105
2015/12/10,1001,1009,998,1000,949200,1000,-0.008919722
2015/12/9,1000,1017,999.5,1009,1042400,1002.95,0.00498008
2015/12/8,1034,1034,998.5,1004,1445800,997.98,-0.026188167
2015/12/7,1045,1051,1030,1031,588500,1024.818,-0.010556622
2015/12/4,1037,1049,1031,1042,751600,1035.752,0.001923077
2015/12/3,1059,1072,1038,1040,1202900,1033.764,-0.020715631
2015/12/2,1056,1070,1052,1062,1359100,1055.632,0.005681818
2015/12/1,1055,1057,1040,1056,2100700,1049.668,-0.014005602
2015/11/30,1083,1093,1071,1071,1378600,1064.578,-0.01199262
2015/11/27,1062,1087,1062,1084,1182000,1077.5,0.012138189
2015/11/26,1056,1076,1055,1071,1021200,1064.578,0.014204545
2015/11/25,1035,1061,1033,1056,1409800,1049.668,0.020289855
2015/11/24,1028,1059,1022.15,1035,2568200,1028.794,0.029850746
2015/11/23,994.5,1012,982,1005,1226000,998.974,0.016177958
2015/11/20,1001,1001,975,989,1450900,983.07,-0.011
2015/11/19,997.5,1005.26,993.5,1000,1078700,994.004,0.006036217
2015/11/18,975.5,994,972,994,1412400,988.04,0.015840572
2015/11/17,960,978.5,957.225,978.5,1366600,972.633,0.03
2015/11/16,947,958,943,950,848700,944.304,-0.00471451
2015/11/13,963.5,963.5,945.5,954.5,748800,948.777,-0.011393061
2015/11/12,979,982.5,964,965.5,1107700,959.711,-0.013789581
2015/11/11,962.5,980.5,960.5,979,729700,973.13,0.021387585
2015/11/10,970,970.077,952.485,958.5,871700,952.753,-0.005189414
2015/11/9,966.5,975.78,963,963.5,660200,957.723,-0.004134367
2015/11/6,974,974,961.5,967.5,1005800,961.699,-0.002062919
2015/11/5,984,985.16,969.5,969.5,1076500,963.687,-0.015736041
2015/11/4,972.5,989.5,972.5,985,746700,979.094,0.013374486
2015/11/3,968.5,974,963,972,513200,966.172,0.00621118
2015/11/2,961.5,972,959.44,966,569100,960.208,0.002074689
2015/10/30,960.5,966.34,957,964,782200,958.22,0.008368201
2015/10/29,965.5,970.5,955,956,1047500,950.268,-0.010351967
2015/10/28,960.5,969,953,966,1130900,960.208,0.008877285
2015/10/27,978.5,978.5,957.5,957.5,736800,951.759,-0.022959184
2015/10/26,992.5,1002,980,980,728300,974.124,-0.017051153
2015/10/23,980,1001,980,997,832800,991.022,0.020470829
2015/10/22,975.5,982,970.5,977,897800,971.142,-0.003569607
2015/10/21,971.5,988.5,970,980.5,651000,974.621,0.009783728
2015/10/20,971,975,963,971,598400,965.178,0.005175983
2015/10/19,969.5,977,963.5,966,426400,960.208,-0.009230769
2015/10/16,978,985,971,975,700800,969.154,0.000513084
2015/10/15,978,982.5,970,974.5,650700,968.657,0.001541624
2015/10/14,980,986.5,973,973,1769800,967.166,-0.012182741
2015/10/13,980,989.5,980,985,1507300,979.094,0.002544529
2015/10/12,982.5,994.781,980.5,982.5,824300,976.609,-0.000508647
2015/10/9,963,988.5,956.5,983,1484900,977.106,0.032563025
2015/10/8,957,958,948.5,952,770400,946.292,-0.0041841
2015/10/7,963,969,953,956,792300,950.268,-0.004166667
2015/10/6,965,965,951,960,635900,954.244,-0.001040583
2015/10/5,950.5,963.5,948,961,837100,955.238,0.025066667
2015/10/2,930,940,925.5,937.5,1233100,931.879,0.017362995
2015/10/1,924,927.5,916,921.5,1190400,915.975,0.009863014
2015/9/30,906,913.842,901,912.5,882100,907.029,0.023555805
2015/9/29,885,903.5,884,891.5,914600,886.155,-0.003353829
2015/9/28,912.5,915.5,892,894.5,863900,889.137,-0.024004364
2015/9/25,905.5,921.5,904.5,916.5,1079800,911.005,0.025167785
2015/9/24,889.5,900.5,889,894,1639900,888.64,0.003367003
2015/9/23,878,896,868.5,891,1063100,885.658,0.014806378
2015/9/22,907,918,878,878,1346300,872.735,-0.033039648
2015/9/21,906,927,906,908,994200,902.556,-0.003839824
2015/9/18,928,928,909,911.5,1283700,906.035,-0.01883746
2015/9/17,938,938,921.5,929,1248400,923.43,-0.025183631
2015/9/16,949.5,955,947.5,953,658700,947.286,0.007399577
2015/9/15,942.5,949.5,925.76,946,843700,940.328,0.005847953
2015/9/14,951.5,956.5,936.5,940.5,561000,934.861,-0.008956797
2015/9/11,963,963,948,949,520800,943.31,-0.0109432
2015/9/10,965,970,951,959.5,895700,953.747,-0.012860082
2015/9/9,974.5,982,971,972,922200,966.172,0.00987013
2015/9/8,963,978,960,962.5,1005000,956.729,0.002082249
2015/9/7,957,968,949.76,960.5,991600,954.741,0.012118019
2015/9/4,964.5,966.826,942,949,1231500,943.31,-0.025166923
2015/9/3,962.5,978,961,973.5,1025800,967.663,0.020975354
2015/9/2,950,967,943.5,953.5,1096100,947.783,0.008994709
2015/9/1,957,959,943.5,945,1121100,939.334,-0.024767802
2015/8/31,969,969,969,969,0,963.19,0
2015/8/28,953.5,969,952.5,969,864800,963.19,0.016789087
2015/8/27,956.5,963,949.5,953,1508700,947.286,0.017075774
2015/8/26,936,951,931,937,1547000,931.382,-0.009513742
2015/8/25,937.5,949,929.5,946,1633800,940.328,0.021598272
2015/8/24,935,937.5,908.5,926,2461600,920.448,-0.028331584
2015/8/21,957,967.5,953,953,1117100,947.286,-0.01498708
2015/8/20,959.5,975,955,967.5,933100,961.699,0.005717256
2015/8/19,987.5,987.5,962,962,895000,956.232,-0.027300303
2015/8/18,1004,1005,989,989,1217200,983.07,-0.015920398
2015/8/17,1015,1015,1001,1005,2263000,998.974,-0.003964321
2015/8/14,1012,1015,1002,1009,1219000,1002.95,0
2015/8/13,1007,1014,998.295,1009,1586100,1002.95,0.011022044
2015/8/12,978.5,998,975,998,1769300,992.016,0.01525941
2015/8/11,985.5,988,979,983,937500,977.106,-0.004052685
2015/8/10,989.5,990,978,987,802700,981.082,0.001014199
2015/8/7,986.5,988.78,982,986,478600,980.088,-0.000506842
2015/8/6,995,995,984,986.5,1103400,980.585,-0.010531595
2015/8/5,999,1004,989.5,997,938200,991.022,0.001004016
2015/8/4,996,1010.55,989.96,996,1355100,990.028,0
2015/8/3,989,997,985,996,1117000,990.028,0.004538578
2015/7/31,990,995,969.9,991.5,1570000,985.555,0.00608828
2015/7/30,1029,1029,980.5,985.5,3475900,979.591,-0.051491819
2015/7/29,1040,1044,1028,1039,1361100,1032.77,0.000963391
2015/7/28,1065,1065,1037,1038,1239700,1031.776,-0.020754717
2015/7/27,1056,1067,1055.48,1060,866800,1053.644,-0.001883239
2015/7/24,1062,1066.6,1058,1062,813800,1055.632,-0.004686036
2015/7/23,1086,1086,1062,1067,850100,1060.602,-0.009285051
2015/7/22,1094,1094,1075,1077,733400,1070.542,-0.021798365
2015/7/21,1090,1109.17,1089,1101,858400,1094.398,0.007319305
2015/7/20,1097,1103.32,1082,1093,735800,1086.446,-0.007266122
2015/7/17,1113,1114,1100,1101,690600,1094.398,-0.0090009
2015/7/16,1100,1115,1097,1111,724100,1104.338,0.013686131
2015/7/15,1099,1104.24,1093,1096,835900,1089.428,-0.007246377
2015/7/14,1104,1107,1094,1104,539200,1097.38,-0.000904977
2015/7/13,1108,1111,1099,1105,551300,1098.374,0.008211679
2015/7/10,1084,1104,1083,1096,955900,1089.428,0.020484171
2015/7/9,1052,1079,1051,1074,1631300,1067.56,0.02188392
2015/7/8,1052,1064.69,1041,1051,2825200,1044.698,-0.00095057
2015/7/7,1066,1068,1052,1052,661500,1045.692,-0.013133208
2015/7/6,1074,1079,1065,1066,616400,1059.608,-0.011131725
2015/7/3,1073,1081.45,1071,1078,511900,1071.536,0.000928505
2015/7/2,1072,1081,1067,1077,586900,1070.542,-0.013736264
2015/7/1,1086,1096,1083,1092,1599900,1067.461,0.011111111
2015/6/30,1086,1090.79,1075,1080,997600,1055.731,-0.009174312
2015/6/29,1077,1094,1065,1090,1189800,1065.506,-0.014466546
2015/6/26,1105,1113,1100,1106,1044800,1081.146,-0.00270514
2015/6/25,1120,1123,1105,1109,1550700,1084.079,-0.009821429
2015/6/24,1132,1133.76,1116.36,1120,748600,1094.832,-0.012345679
2015/6/23,1125,1137,1125,1134,622400,1108.517,0.0125
2015/6/22,1119,1121.26,1108,1120,1675600,1094.832,0.012658228
2015/6/19,1106,1121,1106,1106,1662400,1081.146,-0.001805054
2015/6/18,1109,1112.22,1098,1108,556300,1083.101,-0.000901713
2015/6/17,1114,1114,1102,1109,779400,1084.079,-0.002697842
2015/6/16,1100,1114,1092,1112,1050500,1087.011,0.010909091
2015/6/15,1115,1118.24,1099.5,1100,1167300,1075.281,-0.018733274
2015/6/12,1123,1132,1118,1121,668300,1095.809,-0.004440497
2015/6/11,1135,1147,1124,1126,1465600,1100.697,-0.011413521
2015/6/10,1140,1146,1135,1139,1687200,1113.405,0
2015/6/9,1146,1149,1136,1139,1174800,1113.405,-0.005240175
2015/6/8,1136,1152.76,1132,1145,1099100,1119.27,0.005267779
2015/6/5,1133,1147,1130,1139,1578700,1113.405,-0.003499563
2015/6/4,1134,1146,1129,1143,2102200,1117.315,0.006161972
2015/6/3,1126,1141,1123,1136,1256600,1110.472,0.007985803
2015/6/2,1129,1133,1121.48,1127,1250700,1101.674,0.000888099
2015/6/1,1130,1133.52,1119,1126,1405700,1100.697,0.000888889
2015/5/29,1133,1135.25,1123,1125,2159500,1099.719,-0.00530504
2015/5/28,1131,1133,1127.64,1131,934100,1105.584,-0.000883392
2015/5/27,1114,1137,1112.08,1132,1243900,1106.562,0.016157989
2015/5/26,1120,1127,1114,1114,1239600,1088.966,-0.005357143
2015/5/25,1120,1120,1120,1120,0,1094.832,0
2015/5/22,1110,1126,1109.5,1120,1063800,1094.832,0.007194245
2015/5/21,1101,1113.24,1100,1112,1196300,1087.011,0.008159565
2015/5/20,1102,1115.36,1091,1103,1771600,1078.214,-0.001809955
2015/5/19,1111,1118,1100,1105,1429600,1080.169,-0.00540054
2015/5/18,1107,1117.6,1089,1111,2838300,1086.034,0.027752081
2015/5/15,1098,1099,1071,1081,2131400,1056.708,-0.015482696
2015/5/14,1082,1104.64,1074,1098,1741300,1073.326,0.015726179
2015/5/13,1083,1097,1075,1081,1120600,1056.708,-0.001846722
2015/5/12,1082,1092,1063,1083,1369600,1058.663,-0.002762431
2015/5/11,1081,1103,1075.96,1086,1973900,1061.596,0.002770083
2015/5/8,1065,1140,1041,1083,5319600,1058.663,0.093939394
2015/5/7,996.5,998,980.793,990,1378600,967.753,-0.009504752
2015/5/6,996.5,1006,991,999.5,1446500,977.04,0.001503006
2015/5/5,1006,1013.51,997.5,998,1382900,975.573,-0.003992016
2015/5/4,1002,1002,1002,1002,0,979.483,0
2015/5/1,1002,1010,999.5,1002,493400,979.483,-0.006937562
2015/4/30,1000,1009,998.5,1009,928800,986.326,0.006986028
2015/4/29,997,1010,992,1002,1372600,979.483,0.007035176
2015/4/28,1021,1023,990,995,1387500,972.641,-0.028320313
2015/4/27,1015,1032,1001,1024,918800,1000.989,0.009861933
2015/4/24,1010,1022.41,1010,1014,1013900,991.214,0.004955401
2015/4/23,1013,1021,1004,1009,2794900,986.326,-0.004930966
2015/4/22,1041,1045,1009,1014,1508200,991.214,-0.025
2015/4/21,1046,1053,1036.87,1040,1875100,1016.629,-0.003831418
2015/4/20,1025,1044,1025,1044,1308700,1020.54,0.010648596
2015/4/17,1042,1050.76,1029,1033,1097600,1009.787,-0.010536398
2015/4/16,1038,1045,1027,1044,2152000,1020.54,0.00967118
2015/4/15,1005,1036,1003,1034,1609300,1010.764,0.026812314
2015/4/14,1003,1014.38,1002,1007,847000,984.371,-0.000992063
2015/4/13,999,1010.18,999,1008,696200,985.349,0.005988024
2015/4/10,997,1002,993.5,1002,1533900,979.483,0.004008016
2015/4/9,995,1002,991.67,998,1821500,975.573,0.004024145
2015/4/8,1013,1013,992,994,1242000,971.663,-0.01875617
2015/4/7,991,1019,988,1013,1806300,990.236,0.028426396
2015/4/6,985,985,985,985,0,962.865,0
2015/4/3,985,985,985,985,0,962.865,0
2015/4/2,989,993,970.82,985,1195000,962.865,-0.004044489
2015/4/1,984,993.5,979,989,1917400,966.775,0.004570848
2015/3/31,966.5,993,960.5,984.5,3456700,962.377,0.022326064
2015/3/30,986,991,956.5,963,1405100,941.36,-0.010785824
2015/3/27,980,989.5,967.5,973.5,1523200,951.624,-0.005617978
2015/3/26,976,980.5,967.5,979,1057700,957,-0.003562341
2015/3/25,992.5,998,982,982.5,1194200,960.422,-0.013554217
2015/3/24,992,1001,985,996,1333200,973.618,0.003526448
2015/3/23,996.5,996.5,984,992.5,2034400,970.197,-0.003013561
2015/3/20,985.5,997.5,979,995.5,2106700,973.129,0.009634888
2015/3/19,983.5,989,972.18,986,1711900,963.843,0.003562341
2015/3/18,953.5,983.5,951.5,982.5,2090200,960.422,0.027719665
2015/3/17,932.5,959.5,931.45,956,1628000,934.517,0.024102839
2015/3/16,946,949.24,924.5,933.5,1751400,912.523,0
2015/3/13,936,944.15,930.5,933.5,1288300,912.523,-0.003735326
2015/3/12,941,951.28,934.32,937,2990700,915.944,-0.00266099
2015/3/11,956.5,956.5,935,939.5,1649200,918.388,-0.01674516
2015/3/10,971.5,976.81,955.5,955.5,1755700,934.028,-0.019497178
2015/3/9,966,978.5,962,974.5,1461600,952.601,0.005157298
2015/3/6,970,980,965.859,969.5,1354400,947.714,-0.000515464
2015/3/5,967,973.425,958,970,1405900,948.202,0.003102378
2015/3/4,983,991.5,959.5,967,1797600,945.27,-0.016276704
2015/3/3,995,995.5,982,983,1321100,960.91,-0.011066398
2015/3/2,1006,1015,993,994,1176200,971.663,-0.015841584
2015/2/27,1011,1025,1009,1010,1162600,987.304,-0.0029615
2015/2/26,1012,1024,1012,1013,1007900,990.236,-0.001970443
2015/2/25,1012,1017,992.5,1015,1698000,992.191,0.002964427
2015/2/24,1020,1022,1009,1012,1009400,989.259,-0.007843137
2015/2/23,1023,1026,1013.36,1020,1241200,997.079,0.007905138
2015/2/20,995.5,1017,991,1012,2371000,989.259,0.016064257
2015/2/19,1055,1062,992.5,996,4215800,973.618,-0.056818182
2015/2/18,1059,1075,1052,1056,1122900,1032.27,-0.001890359
2015/2/17,1062,1068.3,1051,1058,1150300,1034.225,-0.005639098
2015/2/16,1062,1071.56,1060.36,1064,805300,1040.09,-0.002811621
2015/2/13,1069,1073.75,1065,1067,1265000,1043.023,-0.002803738
2015/2/12,1052,1072,1050.75,1070,1743200,1045.955,0.019047619
2015/2/11,1050,1057,1044,1050,1667300,1026.405,-0.003795066
2015/2/10,1035,1061,1031,1054,3126500,1030.315,0.025291829
2015/2/9,1031,1031,1013.36,1028,1297500,1004.899,-0.002909796
2015/2/6,1026,1034.32,1025,1031,947900,1007.832,0.000970874
2015/2/5,1030,1031,1021,1030,746900,1006.854,-0.003868472
2015/2/4,1032,1041.33,1021,1034,1457500,1010.764,0
2015/2/3,1012,1046,1012,1034,1797100,1010.764,0.024777007
2015/2/2,1006,1013.5,1001,1009,968800,986.326,0.002982107
2015/1/30,1007,1019,1001,1006,1431700,983.393,-0.000993049
2015/1/29,997.5,1010,989,1007,1509500,984.371,0.008008008
2015/1/28,1017,1018.44,979.65,999,1807800,976.551,-0.01284585
2015/1/27,1037,1037,1009,1012,1448300,989.259,-0.021276596
2015/1/26,1050,1058,1025,1034,1501400,1010.764,-0.018043685
2015/1/23,1044,1055,1039.15,1053,1119300,1029.337,0.011527378
2015/1/22,1015,1044.34,1012,1041,2428600,1017.607,0.024606299
2015/1/21,1027,1032,1012,1016,938500,993.169,-0.011673152
2015/1/20,1038,1038,1023,1028,1104000,1004.899,-0.004840271
2015/1/19,1009,1038,1003,1033,1268400,1009.787,0.024801587
2015/1/16,1010,1013,991.5,1008,1305500,985.349,-0.010794897
2015/1/15,1000,1019,991.5,1019,1506700,996.101,0.024635495
2015/1/14,1012,1023,991.5,994.5,1447900,972.152,-0.029756098
2015/1/13,1020,1044,1014,1025,1367100,1001.966,0.004901961
2015/1/12,1033,1038,1018,1020,1139300,997.079,-0.010669253
2015/1/9,1063,1067,1027,1031,1466100,1007.832,-0.032833021
2015/1/8,1050,1069,1047,1066,1207700,1042.045,0.02303263
2015/1/7,1036,1051,1032.25,1042,1013200,1018.584,0.008712488
2015/1/6,1043,1051,1017,1033,1353100,1009.787,-0.010536398
2015/1/5,1047,1061,1041,1044,1076400,1020.54,-0.013232514
2015/1/2,1071,1072,1047,1058,610600,1034.225,0
2015/1/1,1058,1058,1058,1058,0,1034.225,0
2014/12/31,1062,1064,1056,1058,204900,1034.225,-0.003766478
2014/12/30,1065,1072,1055,1062,580000,1038.135,-0.009328358
2014/12/29,1070,1081,1063,1072,721900,1047.91,0.001869159
2014/12/26,1070,1070,1070,1070,0,1045.955,0
2014/12/25,1070,1070,1070,1070,0,1045.955,0
2014/12/24,1078,1078,1070,1070,124000,1045.955,-0.000933707
2014/12/23,1071,1085,1068,1071,1147300,1046.933,0.001870907
2014/12/22,1060,1073.99,1059.2,1069,807600,1044.978,0.013270142
2014/12/19,1067,1077,1048,1055,5398300,1031.292,-0.00752587
2014/12/18,1057,1066,1043,1063,1582300,1039.113,0.014312977
2014/12/17,1047,1055.59,1035,1048,1346700,1024.45,-0.012252592
2014/12/16,1053,1064,1042,1061,1370800,1037.157,0.013371538
2014/12/15,1052,1060,1047,1047,1813100,1023.472,-0.009460738
2014/12/12,1088,1088,1057,1057,1546000,1033.247,-0.020389249
2014/12/11,1105,1105,1053.75,1079,1607300,1054.753,-0.029676259
2014/12/10,1124,1124,1112,1112,1199900,1081.635,-0.007142857
2014/12/9,1132,1135,1120,1120,1555500,1089.417,-0.015817223
2014/12/8,1141,1149,1135,1138,931500,1106.925,-0.005244755
2014/12/5,1134,1147,1133,1144,1201300,1112.761,0.011494253
2014/12/4,1124,1136,1119,1131,1964000,1100.116,0.005333333
2014/12/3,1125,1138,1124,1125,1175900,1094.28,-0.004424779
2014/12/2,1128,1136,1121,1130,1937300,1099.144,0
2014/12/1,1134,1137.28,1126,1130,1504600,1099.144,-0.006156552
2014/11/28,1142,1150,1136,1137,1203000,1105.952,-0.0069869
2014/11/27,1151,1151,1142,1145,1170200,1113.734,-0.00261324
2014/11/26,1157,1159,1144,1148,2289600,1116.652,-0.003472222
2014/11/25,1186,1190,1152,1152,6184400,1120.543,-0.026204565
2014/11/24,1200,1200,1180.32,1183,1308600,1150.696,-0.010041841
2014/11/21,1192,1207,1182,1195,2807200,1162.369,0.009290541
2014/11/20,1134,1190,1132,1184,3733500,1151.669,0.059033989
2014/11/19,1098,1122,1091,1118,2299400,1087.471,0.018214936
2014/11/18,1106,1110,1097,1098,855400,1068.017,-0.003629764
2014/11/17,1098,1106,1088,1102,771900,1071.908,-0.001811594
2014/11/14,1098,1105,1082,1104,1135300,1073.853,0.006381039
2014/11/13,1099,1108,1097,1097,1134400,1067.045,-0.000910747
2014/11/12,1103,1107,1088,1098,1394100,1068.017,-0.005434783
2014/11/11,1081,1104,1081,1104,1671900,1073.853,0.022222222
2014/11/10,1079,1081,1056,1080,1451600,1050.509,0.004651163
2014/11/7,1073,1079,1070,1075,2111700,1045.645,0.005612722
2014/11/6,1065,1074,1056,1069,2431500,1039.809,0.00093633
2014/11/5,1081,1085,1068,1068,2670300,1038.837,-0.009276438
2014/11/4,1091,1101.75,1077,1078,2234600,1048.563,-0.016423358
2014/11/3,1094,1101,1091.72,1096,1351700,1066.072,0.000913242
2014/10/31,1089,1098,1087,1095,1276000,1065.099,0.015769944
2014/10/30,1082,1086.75,1066,1078,1183600,1048.563,-0.003696858
2014/10/29,1080,1092.48,1080,1082,1019400,1052.454,0.004642526
2014/10/28,1076,1084,1074,1077,882600,1047.591,0.004664179
2014/10/27,1078,1081,1067,1072,938700,1042.727,-0.000931966
2014/10/24,1079,1086,1071,1073,768700,1043.7,-0.010147601
2014/10/23,1074,1089,1065,1084,1495400,1054.4,0.00463392
2014/10/22,1057,1082,1055.33,1079,2166300,1049.536,0.021780303
2014/10/21,1035,1057,1030,1056,1164600,1027.164,0.01734104
2014/10/20,1036,1042,1030,1038,1308300,1009.656,0.00096432
2014/10/17,1020,1041,1017.5,1037,1580400,1008.683,0.015670911
2014/10/16,1029,1041,993,1021,3992900,993.12,-0.004873294
2014/10/15,1059,1059,1024,1026,2453400,997.983,-0.028409091
2014/10/14,1032,1059,1029,1056,1661100,1027.164,0.016361886
2014/10/13,1037,1048,1027,1039,1100700,1010.628,-0.008587786
2014/10/10,1050,1056,1041,1048,1701000,1019.383,-0.011320755
2014/10/9,1074,1081,1057.5,1060,2184800,1031.055,-0.003759398
2014/10/8,1060,1065,1051,1064,15456500,1034.946,0.001883239
2014/10/7,1067,1070,1060,1062,2050400,1033,-0.005617978
2014/10/6,1067,1078,1060,1068,1591800,1038.837,0.003759398
2014/10/3,1055,1065,1051,1064,1669400,1034.946,0.016236867
2014/10/2,1045,1060,1015,1047,5702100,1018.41,-0.035023041
2014/10/1,1094,1096.78,1081,1085,1245800,1055.372,-0.006410256
2014/9/30,1084,1096,1080,1092,1271400,1062.181,0.010175763
2014/9/29,1072,1092,1070.62,1081,952100,1051.482,0.006517691
2014/9/26,1074,1082,1065,1074,1619300,1044.673,-0.000930233
2014/9/25,1059,1096,1059,1075,1886500,1045.645,0.013195099
2014/9/24,1056,1064,1045,1061,1043300,1032.028,0.002835539
2014/9/23,1082,1082,1057,1058,1297600,1029.11,-0.021276596
2014/9/22,1086,1089,1078,1081,875600,1051.482,-0.009165903
2014/9/19,1090,1102,1077,1091,5172700,1061.208,0.024413146
2014/9/18,1063,1068,1051,1065,2421200,1035.918,0.00093985
2014/9/17,1065,1077,1060,1064,1865400,1034.946,0.003773585
2014/9/16,1040,1063,1015.15,1060,2968900,1031.055,0.019230769
2014/9/15,1060,1065,1037,1040,1710500,1011.601,-0.023474178
2014/9/12,1060,1070,1057.95,1065,1392900,1035.918,0.004716981
2014/9/11,1073,1078,1055,1060,1659600,1031.055,-0.008419083
2014/9/10,1075,1079,1067,1069,1627500,1039.809,-0.008348794
2014/9/9,1083,1086,1070,1078,1968600,1048.563,-0.002775208
2014/9/8,1103,1106,1047,1081,3901800,1051.482,-0.023486902
2014/9/5,1114,1115,1104,1107,871000,1076.772,-0.007174888
2014/9/4,1120,1123.94,1113,1115,924000,1084.553,-0.006238859
2014/9/3,1118,1124.1,1118,1122,1069800,1091.362,0.003577818
2014/9/2,1132,1132,1117,1118,567500,1087.471,-0.005338078
2014/9/1,1119,1129,1115,1124,710200,1093.307,0.002676182
2014/8/29,1115,1124,1114.9,1121,760000,1090.389,0.006283662
2014/8/28,1127,1127,1111.15,1114,710400,1083.58,-0.011535049
2014/8/27,1132,1133.85,1127,1127,1004200,1096.225,-0.00617284
2014/8/26,1128,1137.1,1124,1134,647200,1103.034,0.007104796
2014/8/25,1126,1126,1126,1126,0,1095.253,0
2014/8/22,1118,1128,1116,1126,1124500,1095.253,0.007155635
2014/8/21,1107,1119,1105,1118,755600,1087.471,0.009025271
2014/8/20,1117,1118,1105,1108,659700,1077.744,-0.009830206
2014/8/19,1113,1122,1109.75,1119,751700,1088.444,0.00720072
2014/8/18,1112,1117,1106,1111,903200,1080.662,0.004520796
2014/8/15,1095,1113,1093,1106,1805800,1075.799,0.01189387
2014/8/14,1076,1094.2,1075,1093,1036900,1063.154,0.012974977
2014/8/13,1080,1082.4,1070,1079,1105100,1049.536,0.000927644
2014/8/12,1080,1086,1075,1078,1867600,1048.563,-0.004616805
2014/8/11,1066,1087,1061.75,1083,1033200,1053.427,0.021698113
2014/8/8,1053,1062,1051,1060,1298900,1031.055,-0.003759398
2014/8/7,1064,1078,1061,1064,2858500,1034.946,-0.001876173
2014/8/6,1057,1070,1052,1066,3597400,1036.891,0.000938967
2014/8/5,1065,1074,1063.42,1065,918200,1035.918,-0.000938086
2014/8/4,1081,1081,1061.9,1066,2173100,1036.891,-0.012962963
2014/8/1,1096,1098,1070,1080,1582700,1050.509,-0.016393443
2014/7/31,1113,1114,1095,1098,1350700,1068.017,-0.012589928
2014/7/30,1120,1122,1107,1112,821600,1081.635,-0.007142857
2014/7/29,1123,1126.28,1116,1120,661000,1089.417,0
2014/7/28,1121,1126,1112,1120,1069700,1089.417,0.002685765
2014/7/25,1131,1134,1114,1117,1290300,1086.499,-0.014121801
2014/7/24,1137,1145,1122,1133,1509000,1102.062,0
2014/7/23,1126,1141,1123,1133,1216300,1102.062,0.007111111
2014/7/22,1116,1127,1111,1125,1581600,1094.28,0.01534296
2014/7/21,1115,1124,1103,1108,1623600,1077.744,0.007272727
2014/7/18,1097,1101,1078,1100,1967200,1069.963,0.000909918
2014/7/17,1118,1118,1097,1099,1286200,1068.99,-0.016114593
2014/7/16,1112,1124,1110.5,1117,784200,1086.499,0.008122744
2014/7/15,1112,1125,1106,1108,1297200,1077.744,-0.006278027
2014/7/14,1102,1115,1095,1115,1192700,1084.553,0.020128088
2014/7/11,1105,1106,1088,1093,1286200,1063.154,-0.006363636
2014/7/10,1115,1116,1087,1100,1807500,1069.963,-0.012567325
2014/7/9,1126,1126,1110.3,1114,1245700,1083.58,-0.008896797
2014/7/8,1149,1150,1117,1124,1458500,1093.307,-0.02005231
2014/7/7,1163,1164.85,1145,1147,668600,1115.679,-0.01205857
2014/7/4,1175,1175,1159,1161,452500,1129.297,-0.004288165
2014/7/3,1163,1168,1153,1166,915800,1134.16,0.005172414
2014/7/2,1152,1165,1147,1160,1086500,1128.324,-0.003436426
2014/7/1,1165,1167,1154,1164,928700,1116.263,0.00172117
2014/6/30,1162,1167,1153.87,1162,1491700,1114.345,0.002588438
2014/6/27,1153,1174,1147.28,1159,1931900,1111.468,0.007826087
2014/6/26,1157,1163,1143.3,1150,2505300,1102.837,0
2014/6/25,1151,1156,1144,1150,1949100,1102.837,0
2014/6/24,1157,1163,1136,1150,1813100,1102.837,-0.00605013
2014/6/23,1174,1177.4,1149,1157,992100,1109.55,-0.016992353
2014/6/20,1167,1181,1167,1177,1636600,1128.73,0.005982906
2014/6/19,1182,1192,1169,1170,1004000,1122.017,-0.000853971
2014/6/18,1191,1194,1169,1171,1398300,1122.976,-0.015966387
2014/6/17,1193,1206.7,1184,1190,1524300,1141.197,-0.003350084
2014/6/16,1210,1210,1193,1194,929000,1145.033,-0.012406948
2014/6/13,1219,1219,1195.3,1209,1604800,1159.417,-0.007389163
2014/6/12,1222,1227,1216,1218,1097400,1168.048,-0.001639344
2014/6/11,1223,1226,1210,1220,2361300,1169.966,-0.004081633
2014/6/10,1228,1235,1206,1225,2642300,1174.761,-0.000815661
2014/6/9,1252,1252,1223,1226,2170900,1175.72,-0.0192
2014/6/6,1232,1252.3,1232,1250,1170700,1198.736,0.016260163
2014/6/5,1236,1239,1223,1230,609300,1179.556,-0.005658852
2014/6/4,1229,1237,1221,1237,840400,1186.269,0.005691057
2014/6/3,1224,1232,1223.36,1230,1308700,1179.556,0.004901961
2014/6/2,1216,1228,1213,1224,738000,1173.802,0.008237232
2014/5/30,1214,1217,1204.76,1214,1716500,1164.212,0.000824402
2014/5/29,1224,1224,1211,1213,576100,1163.253,-0.006552007
2014/5/28,1224,1233,1219,1221,976200,1170.925,-0.000818331
2014/5/27,1213,1226,1207,1222,758500,1171.884,0.013266998
2014/5/26,1206,1206,1206,1206,0,1156.54,0
2014/5/23,1212,1218,1200.5,1206,697700,1156.54,-0.005770816
2014/5/22,1209,1216,1204,1213,944500,1163.253,0.006639004
2014/5/21,1196,1205,1178,1205,1489300,1155.581,0.006683375
2014/5/20,1187,1204,1178,1197,2056300,1147.91,0.016129032
2014/5/19,1215,1222.2,1171,1178,1839400,1129.689,-0.008417508
2014/5/16,1236,1247,1186,1188,1979400,1139.279,-0.029411765
2014/5/15,1254,1254,1214,1224,1031600,1173.802,-0.021582734
2014/5/14,1246,1254,1242,1251,1165900,1199.695,0.008870968
2014/5/13,1242,1246,1233,1240,1366800,1189.146,0.012244898
2014/5/12,1228,1234,1216,1225,1102600,1174.761,0.001635323
2014/5/9,1216,1224,1203,1223,816900,1172.843,0.006584362
2014/5/8,1231,1232,1211,1215,823100,1165.171,-0.008163265
2014/5/7,1216,1226.84,1200,1225,2003400,1174.761,0.008230453
2014/5/6,1217,1227,1215,1215,1151500,1165.171,0.005794702
2014/5/5,1208,1208,1208,1208,0,1158.458,0
2014/5/2,1201,1220,1199,1208,1392200,1158.458,0.010878661
2014/5/1,1200,1211,1187,1195,1395200,1145.992,0.000837521
2014/4/30,1197,1214,1189,1194,3386400,1145.033,-0.004170142
2014/4/29,1206,1223,1195,1199,3621400,1149.827,-0.003325021
2014/4/28,1199,1222,1195,1203,2275800,1153.663,0.005012531
2014/4/25,1196,1198,1183,1197,2412600,1147.91,0.00167364
2014/4/24,1204,1205,1193,1195,2662500,1145.992,-0.001670844
2014/4/23,1190,1200,1187,1197,2741300,1147.91,0.005037783
2014/4/22,1210,1217,1183,1191,3406500,1142.156,-0.020559211
2014/4/21,1216,1216,1216,1216,0,1166.13,0
2014/4/18,1216,1216,1216,1216,0,1166.13,0
2014/4/17,1214,1226,1201,1216,1500200,1166.13,0.002291423
2014/4/16,1213.22,1219.39,1202.64,1213.22,1892000,1163.464,0.013999515
2014/4/15,1205.29,1217.63,1195.59,1196.47,2541700,1147.401,-0.006592439
2014/4/14,1228.21,1233.43,1198.23,1204.41,1178300,1155.016,-0.020780995
2014/4/11,1238.79,1240.48,1207.05,1229.97,1186700,1179.527,-0.015527826
2014/4/10,1246.73,1256.43,1242.32,1249.37,937600,1198.132,0.00283343
2014/4/9,1219.39,1245.84,1219.39,1245.84,1786000,1194.746,0.023907952
2014/4/8,1249.37,1253.25,1214.98,1216.75,1549200,1166.85,-0.026794641
2014/4/7,1240.56,1250.25,1230.42,1250.25,1692800,1198.976,0.002823386
2014/4/4,1223.8,1248.49,1222.92,1246.73,2178400,1195.6,0.020939107
2014/4/3,1237.91,1243.2,1220.28,1221.16,977200,1171.079,-0.01070983
2014/4/2,1230.86,1246.95,1223.8,1234.38,1615000,1183.757,0.009371014
2014/4/1,1200.88,1241.44,1200.88,1222.92,2249400,1172.767,0.029697301
2014/3/31,1143.57,1220.28,1125.93,1187.65,4249800,1138.943,0.042566452
2014/3/28,1127.7,1139.73,1107.42,1139.16,1676600,1092.442,0.013334282
2014/3/27,1199.11,1204.41,1108.3,1124.17,4033800,1078.066,-0.066621831
2014/3/26,1216.75,1225.57,1200,1204.41,813900,1155.016,-0.006541069
2014/3/25,1206.17,1222.04,1206.17,1212.34,574700,1162.62,0.006584137
2014/3/24,1219.39,1223.54,1202.02,1204.41,474700,1155.016,-0.015844092
2014/3/21,1224.68,1228.21,1221.16,1223.8,1236200,1173.61,0.000719589
2014/3/20,1207.93,1224.68,1201.76,1222.92,1010300,1172.767,-0.00143711
2014/3/19,1233.5,1235.13,1212.34,1224.68,850700,1174.454,-0.00502088
2014/3/18,1224.68,1238.79,1220.28,1230.86,546200,1180.381,0.002157611
2014/3/17,1219.39,1237.91,1216.75,1228.21,622200,1177.84,0.010149111
2014/3/14,1221.16,1221.16,1203.52,1215.87,907000,1166.006,-0.008626524
2014/3/13,1246.73,1250.25,1219.39,1226.45,856900,1176.152,-0.016266553
2014/3/12,1265.24,1270.53,1237.29,1246.73,706500,1195.6,-0.019411519
2014/3/11,1268.77,1276.7,1260.22,1271.41,359700,1219.268,0.003472743
2014/3/10,1263.48,1278.79,1261.23,1267.01,737700,1215.048,0.002095922
2014/3/7,1281.11,1287.29,1263.48,1264.36,673200,1212.507,-0.013074599
2014/3/6,1291.69,1294.5,1275.82,1281.11,499500,1228.57,-0.004112251
2014/3/5,1296.1,1296.1,1283.76,1286.4,332200,1233.643,-0.00409541
2014/3/4,1267.01,1296.98,1267.01,1291.69,594600,1238.716,0.02447594
2014/3/3,1285.52,1285.52,1253.78,1260.83,1005600,1209.122,-0.027872442
2014/2/28,1284.64,1301.39,1280.23,1296.98,614100,1243.789,0.011692759
2014/2/27,1276.7,1283.76,1265.2,1281.99,490100,1229.414,0.004143495
2014/2/26,1286.4,1291.69,1276.7,1276.7,471200,1224.341,-0.004817286
2014/2/25,1283.76,1288.17,1276.7,1282.88,1019000,1230.267,-0.002053644
2014/2/24,1272.3,1286.4,1263.48,1285.52,738100,1232.799,0.011798226
2014/2/21,1264.36,1272.3,1255.54,1270.53,597800,1218.424,0.009101956
2014/2/20,1257.31,1261.98,1251.14,1259.07,877600,1207.434,-0.00349036
2014/2/19,1252.9,1275.82,1252.9,1263.48,513500,1211.663,-0.005548865
2014/2/18,1253.78,1272.3,1249.37,1270.53,677400,1218.424,0.014784109
2014/2/17,1244.96,1255.54,1244.96,1252.02,439200,1200.673,0.003534758
2014/2/14,1243.2,1250.25,1239.67,1247.61,910400,1196.444,0.004258162
2014/2/13,1246.73,1254.66,1229.97,1242.32,1120700,1191.371,-0.000707851
2014/2/12,1230.86,1261.72,1229.97,1243.2,1308900,1192.215,0.01075636
2014/2/11,1204.41,1231.74,1198.23,1229.97,1154800,1179.527,0.039493256
2014/2/10,1208.81,1211.46,1177.95,1183.24,1345400,1134.714,-0.018294352
2014/2/7,1215.87,1217.63,1203.52,1205.29,1210600,1155.86,-0.007256404
2014/2/6,1214.1,1224.68,1204.41,1214.1,963200,1164.308,0.003645562
2014/2/5,1202.64,1214.45,1198.23,1209.69,694000,1160.079,0.008075
2014/2/4,1193.82,1203.52,1180.16,1200,612000,1150.786,0.000742217
2014/2/3,1218.51,1229.53,1195.59,1199.11,937900,1149.933,-0.021589954
2014/1/31,1216.75,1229.09,1209.69,1225.57,952300,1175.308,0.00361132
2014/1/30,1222.04,1223.32,1208.81,1221.16,1093500,1171.079,0.000721146
2014/1/29,1232.62,1232.62,1212.34,1220.28,1162600,1170.235,-0.000720626
2014/1/28,1220.28,1228.21,1215.87,1221.16,522400,1171.079,0.002174787
2014/1/27,1237.91,1244.96,1213.43,1218.51,794500,1168.537,-0.014270113
2014/1/24,1256.43,1260.83,1227.33,1236.15,743000,1185.454,-0.015443554
2014/1/23,1247.61,1259.07,1245.84,1255.54,644300,1204.049,0.010641381
2014/1/22,1260.83,1267.38,1242.32,1242.32,521400,1191.371,-0.011922279
2014/1/21,1239.67,1262.6,1235.9,1257.31,576100,1205.746,0.017117664
2014/1/20,1237.03,1237.03,1228.21,1236.15,408400,1185.454,0.003580301
2014/1/17,1226.45,1237.03,1225.57,1231.74,630500,1181.225,0.003593166
2014/1/16,1237.91,1237.91,1224.68,1227.33,765300,1176.996,-0.005002027
2014/1/15,1240.56,1241.44,1228.21,1233.5,614900,1182.913,-0.002853609
2014/1/14,1223.8,1238.79,1213.22,1237.03,568400,1186.298,0.007903335
2014/1/13,1224.68,1235.27,1217.17,1227.33,417100,1176.996,0.000717518
2014/1/10,1223.8,1237.03,1219.39,1226.45,625200,1176.152,0.006516155
2014/1/9,1211.46,1222.04,1207.05,1218.51,582100,1168.537,0.007291124
2014/1/8,1210.58,1215.55,1199.11,1209.69,742300,1160.079,0.000727989
2014/1/7,1220.28,1221.16,1201.76,1208.81,801400,1159.235,-0.00724358
2014/1/6,1210.58,1226.45,1210.58,1217.63,502300,1167.693,0.005093028
2014/1/3,1198.23,1217.63,1198.23,1211.46,522900,1161.776,0.007333865
2014/1/2,1197.35,1209.13,1188.53,1202.64,987700,1153.318,0.006637594
2014/1/1,1194.71,1194.71,1194.71,1194.71,0,1145.713,0
2013/12/31,1191.18,1199.43,1184.13,1194.71,232000,1145.713,0.012706405
2013/12/30,1182.36,1188.53,1172.35,1179.72,340100,1131.338,0.003001216
2013/12/27,1174.43,1184.13,1172.88,1176.19,384400,1127.953,0.003763505
2013/12/26,1171.78,1171.78,1171.78,1171.78,0,1123.724,0
2013/12/25,1171.78,1171.78,1171.78,1171.78,0,1123.724,0
2013/12/24,1162.96,1171.78,1162.08,1171.78,106000,1123.724,0.005293366
2013/12/23,1153.27,1165.61,1147.98,1165.61,322000,1117.807,0.009159935
2013/12/20,1148.86,1160.32,1141.8,1155.03,1044400,1107.661,0.008469175
2013/12/19,1136.51,1145.33,1133.62,1145.33,668100,1098.359,0.019620935
2013/12/18,1125.93,1133.87,1120.64,1123.29,508600,1077.222,-0.002344728
2013/12/17,1129.46,1138.28,1119.76,1125.93,657700,1079.754,-0.006231299
2013/12/16,1104.77,1132.99,1103.89,1132.99,571800,1086.525,0.020656541
2013/12/13,1104.77,1114.47,1101.25,1110.06,391000,1064.535,0.001588018
2013/12/12,1118,1120.89,1100.68,1108.3,489700,1062.847,-0.011011565
2013/12/11,1116.23,1128.58,1110.06,1120.64,608500,1074.681,0.000785883
2013/12/10,1128.58,1140.04,1117.12,1119.76,629000,1066.485,-0.009360016
2013/12/9,1124.17,1132.99,1120.64,1130.34,405700,1076.562,0.006276207
2013/12/6,1117.12,1125.93,1112.71,1123.29,585200,1069.847,0.004731664
2013/12/5,1132.99,1132.99,1106.54,1118,941000,1064.809,-0.015524423
2013/12/4,1138.28,1142.69,1126.81,1135.63,653900,1081.6,-0.004636609
2013/12/3,1140.92,1147.98,1133.87,1140.92,758500,1086.638,-0.003084451
2013/12/2,1155.91,1155.91,1141.8,1144.45,571900,1090,-0.009159935
2013/11/29,1143.57,1155.03,1140.92,1155.03,663900,1100.077,0.009244615
2013/11/28,1154.15,1155.91,1143.57,1144.45,511300,1090,-0.006890029
2013/11/27,1154.15,1156.59,1145.33,1152.39,535900,1097.563,-0.00304522
2013/11/26,1132.1,1159.44,1129.72,1155.91,1601100,1100.915,0.021031711
2013/11/25,1155.91,1160.32,1123.92,1132.1,1452200,1078.238,-0.030952014
2013/11/22,1175.31,1177.07,1168.26,1168.26,497700,1112.677,-0.005998417
2013/11/21,1183.24,1183.24,1167.37,1175.31,719600,1119.392,0
2013/11/20,1169.14,1182.36,1166.36,1175.31,712500,1119.392,0.00225982
2013/11/19,1172.66,1177.95,1167.37,1172.66,535800,1116.868,-0.000758383
2013/11/18,1155.91,1173.55,1154.5,1173.55,672200,1117.716,0.012169668
2013/11/15,1154.15,1161.2,1140.92,1159.44,772200,1104.277,0.005350005
2013/11/14,1137.4,1153.27,1137.4,1153.27,944600,1098.401,0.010045542
2013/11/13,1155.03,1155.03,1128.58,1141.8,902000,1087.476,-0.008423795
2013/11/12,1141.8,1162.96,1118,1151.5,1241300,1096.715,0.011614014
2013/11/11,1147.98,1161.2,1135.63,1138.28,723100,1084.124,-0.004625865
2013/11/8,1146.21,1147.09,1132.1,1143.57,625600,1089.162,0.011704443
2013/11/7,1121.53,1140.04,1120.39,1130.34,578200,1076.562,0.007065154
2013/11/6,1128.58,1132.99,1115.27,1122.41,791500,1069.009,-0.003904829
2013/11/5,1129.46,1129.46,1110.94,1126.81,580300,1073.2,0.000781576
2013/11/4,1116.23,1126.64,1116.23,1125.93,368800,1072.361,0.008689965
2013/11/1,1127.7,1127.7,1112.71,1116.23,356400,1063.123,-0.007062989
2013/10/31,1128.58,1133.87,1118,1124.17,739900,1070.685,-0.002342897
2013/10/30,1118.88,1126.81,1111.83,1126.81,477100,1073.2,0.011871515
2013/10/29,1103.01,1113.7,1097.72,1113.59,468100,1060.608,0.012023338
2013/10/28,1100.36,1110.94,1095.07,1100.36,375200,1048.008,0
2013/10/25,1105.65,1106.54,1095.96,1100.36,566700,1048.008,-0.004784516
2013/10/24,1111.83,1117.12,1099.48,1105.65,551400,1053.046,-0.004761733
2013/10/23,1099.48,1111.19,1097.97,1110.94,558800,1058.085,0.013668382
2013/10/22,1092.43,1115.35,1092.43,1095.96,485500,1043.817,0.000812733
2013/10/21,1073.91,1096.84,1067.74,1095.07,710000,1042.97,0.028998036
2013/10/18,1050.99,1067.74,1043.05,1064.21,958600,1013.578,0.022875597
2013/10/17,1046.58,1053.63,1037.76,1040.41,604300,990.91,-0.011721681
2013/10/16,1043.94,1056.28,1040.41,1052.75,478900,1002.663,0.004206651
2013/10/15,1046.58,1059.81,1041.29,1048.34,493100,998.463,0.003369001
2013/10/14,1034.24,1046.58,1030.71,1044.82,334500,995.11,0.006803114
2013/10/11,1022.77,1037.76,1022.77,1037.76,681700,988.386,0.012903352
2013/10/10,1023.66,1035.12,1015.72,1024.54,867200,975.795,0.001730594
2013/10/9,1019.25,1023.66,1009.55,1022.77,770000,974.109,-0.000869429
2013/10/8,1049.22,1051.87,1021.89,1023.66,825600,974.957,-0.022721631
2013/10/7,1058.04,1058.04,1041.29,1047.46,485500,997.625,-0.014108899
2013/10/4,1066.86,1069.51,1058.04,1062.45,511400,1011.902,-0.007417857
2013/10/3,1069.51,1074.8,1065.1,1070.39,477500,1019.464,-0.001641561
2013/10/2,1071.27,1080.97,1065.1,1072.15,874200,1021.14,-0.001638871
2013/10/1,1051.87,1073.91,1048.34,1073.91,624400,1022.816,0.018387513
2013/9/30,1050.99,1054.52,1043.05,1054.52,625200,1004.349,-0.004155177
2013/9/27,1048.34,1071.27,1048.34,1058.92,608400,1008.54,0.006702349
2013/9/26,1049.22,1055.4,1041.29,1051.87,328800,1001.825,0.001676015
2013/9/25,1050.99,1060.69,1043.94,1050.11,658300,1000.149,-0.005012318
2013/9/24,1046.58,1060.69,1043.05,1055.4,364000,1005.187,0.007580242
2013/9/23,1061.57,1063.33,1044.82,1047.46,388800,997.625,-0.011653032
2013/9/20,1053.63,1065.1,1046.58,1059.81,789500,1009.387,0.003341917
2013/9/19,1058.04,1065.1,1053.63,1056.28,415900,1006.025,0.006728808
2013/9/18,1049.22,1053.98,1042.17,1049.22,401400,999.301,0
2013/9/17,1061.57,1065.1,1047.46,1049.22,641100,999.301,-0.009160277
2013/9/16,1065.98,1070.39,1055.4,1058.92,543900,1008.54,-0.001668725
2013/9/13,1048.34,1061.57,1048.34,1060.69,489200,1010.225,0.01093193
2013/9/12,1050.11,1056.28,1043.94,1049.22,635400,999.301,0.001680255
2013/9/11,1040.41,1052.75,1039.53,1047.46,1036700,997.625,0.006776175
2013/9/10,1022.77,1049.79,1022.77,1040.41,724300,990.91,0.020760363
2013/9/9,1023.66,1023.66,1012.19,1019.25,403600,970.757,-0.003441634
2013/9/6,1018.37,1025.42,1012.19,1022.77,549800,974.109,0.00345352
2013/9/5,1016.6,1031.59,1013.08,1019.25,584000,970.757,0.003475367
2013/9/4,1016.6,1021.89,995.442,1015.72,771300,967.395,-0.001729764
2013/9/3,1021.89,1032.47,1014.84,1017.48,685300,969.071,-0.005172228
2013/9/2,1010.43,1024.78,1008.67,1022.77,484700,974.109,0.019324683
2013/8/30,1001.61,1015.72,997.205,1003.38,1258300,955.642,0.001767155
2013/8/29,991.033,1006.9,990.222,1001.61,728500,953.956,0.011572982
2013/8/28,996.323,997.205,978.689,990.151,1678300,943.042,-0.007073771
2013/8/27,1023.66,1027.18,993.678,997.205,741900,949.761,-0.026680266
2013/8/26,1024.54,1024.54,1024.54,1024.54,0,975.795,0
2013/8/23,1017.48,1027.5,1015.72,1024.54,519900,975.795,0.006058702
2013/8/22,1013.96,1024.54,1013.96,1018.37,376600,969.919,0.0052217
2013/8/21,1017.48,1021.89,1013.08,1013.08,378600,964.881,-0.003462522
2013/8/20,1004.26,1016.6,997.099,1016.6,650700,968.233,0.007861838
2013/8/19,1007.78,1011.31,1002.27,1008.67,507200,960.68,0.001757871
2013/8/16,1019.25,1024.54,1004.26,1006.9,940100,958.995,-0.011263097
2013/8/15,1037.76,1041.29,1012.19,1018.37,536400,969.919,-0.015344601
2013/8/14,1040.41,1050.11,1028.95,1034.24,776300,985.034,-0.005088838
2013/8/13,1036,1564.75,1033.98,1039.53,556000,990.072,0.002555744
2013/8/12,1059.81,1059.81,1033.35,1036.88,784000,987.548,-0.020813659
2013/8/9,1056.28,1061.57,1049.22,1058.92,399000,1008.54,0.003335228
2013/8/8,1059.81,1063.33,1050.11,1055.4,462900,1005.187,-0.004161123
2013/8/7,1054.52,1065.1,1046.58,1059.81,2641400,1009.387,0.005865437
2013/8/6,1050.11,1062.77,1048.34,1053.63,638500,1003.501,0.002511917
2013/8/5,1042.17,1059.81,1042.17,1050.99,551900,1000.987,0.009315368
2013/8/2,1038.65,1045.7,1036.88,1041.29,815600,991.748,0.003401557
2013/8/1,1036.88,1047.46,1032.47,1037.76,356000,988.386,0.001698842
2013/7/31,1030.71,1042.17,1026.3,1036,813700,986.71,0.004274954
2013/7/30,1042.17,1044.38,1028.95,1031.59,830200,982.51,-0.005101844
2013/7/29,1042.17,1051.87,1032.47,1036.88,489900,987.548,-0.004235131
2013/7/26,1050.99,1066.86,1037.76,1041.29,492600,991.748,-0.006724917
2013/7/25,1039.53,1049.22,1035.12,1048.34,650900,998.463,0.007621995
2013/7/24,1043.94,1061.57,1037.76,1040.41,640200,990.91,-0.002531039
2013/7/23,1059.81,1063.33,1038.65,1043.05,723000,993.425,-0.012525088
2013/7/22,1065.98,1070.39,1054.52,1056.28,589700,1006.025,-0.006630115
2013/7/19,1065.1,1067.74,1057.16,1063.33,723900,1012.74,-0.002485975
2013/7/18,1056.28,1069.51,1053.63,1065.98,541900,1015.264,0.008343108
2013/7/17,1047.46,1063.33,1044.82,1057.16,924300,1006.863,0.010109117
2013/7/16,1043.94,1056.28,1043.05,1046.58,614700,996.787,0.003384306
2013/7/15,1035.12,1050.49,1035.12,1043.05,558700,993.425,0.008518332
2013/7/12,1036,1047.46,1032.47,1034.24,544000,985.034,-0.0025461
2013/7/11,1073.03,1080.08,1030.71,1036.88,1057300,987.548,-0.006762841
2013/7/10,1035.12,1043.94,1015.72,1043.94,926700,994.272,0.009378868
2013/7/9,1041.29,1048.34,1031.59,1034.24,688800,985.034,0.00256885
2013/7/8,1005.14,1039.68,1005.14,1031.59,923600,982.51,0.032655701
2013/7/5,997.205,1016.44,993.678,998.968,713900,951.44,0.002654762
2013/7/4,961.055,1001.61,961.055,996.323,750300,948.921,0.040515786
2013/7/3,962.819,967.227,951.356,957.528,673200,911.972,-0.026009615
2013/7/2,991.915,996.323,976.044,983.098,575100,915.16,-0.008006797
2013/7/1,984.861,991.915,969.872,991.033,656500,922.547,0.019039256
2013/6/28,979.571,979.571,967.227,972.517,894600,905.31,-0.006306396
2013/6/27,966.345,983.098,961.937,978.689,1274600,911.056,0.011850372
2013/6/26,960.174,977.808,959.013,967.227,639700,900.386,0.008271725
2013/6/25,953.12,967.227,946.948,959.292,781800,892.999,0.013979997
2013/6/24,960.174,965.464,946.066,946.066,947600,880.687,-0.013787251
2013/6/21,975.162,988.388,959.1,959.292,1705200,892.999,-0.015384679
2013/6/20,991.033,993.678,974.281,974.281,899800,906.952,-0.026429706
2013/6/19,995.442,1006.02,984.861,1000.73,773300,931.574,0.004423264
2013/6/18,984.861,1004.26,981.334,996.323,643100,927.471,0.008028224
2013/6/17,979.571,998.087,979.571,988.388,554700,920.084,0.008093198
2013/6/14,978.689,985.743,972.517,980.453,629200,912.698,0.006334928
2013/6/13,964.582,977.808,961.055,974.281,526500,906.952,0
2013/6/12,972.517,986.871,970.754,974.281,548400,906.952,0.00181385
2013/6/11,991.033,992.796,967.227,972.517,769700,905.31,-0.02216357
2013/6/10,986.625,998.968,979.571,994.56,590900,925.83,0.006244511
2013/6/7,984.861,993.678,973.399,988.388,675400,920.084,0.003581216
2013/6/6,1001.61,1001.61,983.979,984.861,534000,916.801,-0.014121573
2013/6/5,1013.08,1013.96,998.968,998.968,607100,929.933,-0.016492734
2013/6/4,1020.13,1022.77,1011.31,1015.72,455000,945.528,0.001735769
2013/6/3,1019.25,1026.82,1010.43,1013.96,440900,943.889,-0.008613862
2013/5/31,1027.18,1032.47,1013.96,1022.77,991800,952.09,-0.0068555
2013/5/30,1033.35,1036.88,1020.13,1029.83,672800,958.663,-0.005110519
2013/5/29,1058.04,1058.55,1027.18,1035.12,675900,963.587,-0.025723563
2013/5/28,1036,1064.21,1035.12,1062.45,1118900,989.028,0.033451355
2013/5/27,1028.06,1028.06,1028.06,1028.06,0,957.015,0
2013/5/24,1021.89,1028.95,1018.37,1028.06,798700,957.015,0.010398239
2013/5/23,1027.18,1032.47,1013.08,1017.48,1272000,947.166,-0.023690953
2013/5/22,1040.41,1049.22,1031.59,1042.17,736400,970.15,0.001691641
2013/5/21,1011.31,1047.46,1008.67,1040.41,1101700,968.511,0.030568075
2013/5/20,1012.19,1016.6,999.85,1009.55,714700,939.784,0.007927237
2013/5/17,1012.19,1013.08,1000.55,1001.61,685100,932.393,-0.008728957
2013/5/16,1011.31,1020.13,1006.02,1010.43,552800,940.603,-0.002615786
2013/5/15,1020.13,1028.06,1012.19,1013.08,973000,943.07,-0.012034093
2013/5/14,983.098,1034.24,972.517,1025.42,2263800,954.557,0.067952267
2013/5/13,946.066,968.991,943.474,960.174,638300,893.82,0.013966976
2013/5/10,943.421,949.593,933.722,946.948,977800,881.508,0.002801008
2013/5/9,940.776,945.625,938.131,944.303,461300,879.046,0.001871541
2013/5/8,950.475,951.356,933.722,942.539,739200,877.404,-0.001868044
2013/5/7,939.894,952.485,937.249,944.303,628500,879.046,-0.000933151
2013/5/6,945.185,945.185,945.185,945.185,0,879.867,0
2013/5/3,950.475,953.12,940.776,945.185,495400,879.867,-0.006486531
2013/5/2,946.948,952.238,933.722,951.356,529100,885.612,-0.000926239
2013/5/1,945.185,954.883,933.722,952.238,197000,886.433,0.009345775
2013/4/30,947.83,951.356,937.249,943.421,574200,878.225,-0.002795788
2013/4/29,945.185,948.711,939.894,946.066,254400,880.687,0.000932093
2013/4/26,946.066,951.356,936.368,945.185,547400,879.867,-0.000931225
2013/4/25,948.711,954.002,945.185,946.066,876000,880.687,-0.004638733
2013/4/24,952.238,954.002,944.303,950.475,1089200,884.791,0.005596788
2013/4/23,921.379,949.593,921.379,945.185,610100,879.867,0.024857415
2013/4/22,916.97,925.787,912.562,922.26,670200,858.526,0.005769
2013/4/19,906.39,924.024,905.508,916.97,859100,853.602,0.012658088
2013/4/18,906.39,917.037,901.099,905.508,913600,842.932,-0.000973091
2013/4/17,916.97,921.379,903.745,906.39,1005700,843.753,-0.005802475
2013/4/16,931.077,933.722,907.669,911.68,1037600,848.677,-0.024528035
2013/4/15,951.356,954.883,931.077,934.604,661000,870.017,-0.01760855
2013/4/12,958.41,959.292,943.421,951.356,423400,885.612,-0.003693646
2013/4/11,940.776,956.647,940.776,954.883,577400,888.895,0.006505669
2013/4/10,929.314,948.711,928.432,948.711,920400,883.149,0.017012546
2013/4/9,941.658,944.303,929.936,932.841,853300,868.376,-0.009363272
2013/4/8,939.013,944.303,935.486,941.658,799100,876.584,0.01040711
2013/4/5,949.593,954.883,927.997,931.959,752300,867.555,-0.019480786
2013/4/4,968.991,971.636,945.185,950.475,807100,884.791,-0.01372315
2013/4/3,966.345,975.162,951.356,963.7,1109800,897.103,-0.009066165
2013/4/2,954.883,972.517,954.883,972.517,595500,905.31,0.013786209
2013/4/1,959.292,959.292,959.292,959.292,0,892.999,0
2013/3/29,959.292,959.292,959.292,959.292,0,892.999,0
2013/3/28,953.12,960.174,946.066,959.292,847600,892.999,0.007407812
2013/3/27,956.647,957.528,943.421,952.238,1024400,886.433,-0.001849053
2013/3/26,954.883,960.174,948.711,954.002,643100,888.075,0.001852478
2013/3/25,954.883,975.162,948.711,952.238,712600,886.433,-0.000925382
2013/3/22,940.776,957.528,939.894,953.12,744900,887.254,0.007456139
2013/3/21,965.464,968.991,940.776,946.066,829600,880.687,-0.024545507
2013/3/20,960.174,970.754,956.647,969.872,873900,902.848,0.016635185
2013/3/19,959.292,966.345,950.475,954.002,713700,888.075,-0.00733881
2013/3/18,937.249,965.464,935.486,961.055,837000,894.64,0.017740069
2013/3/15,968.109,969.872,944.303,944.303,2399300,879.046,-0.021917959
2013/3/14,975.162,981.334,959.292,965.464,1112900,898.745,-0.009049751
2013/3/13,971.636,975.162,962.819,974.281,720900,906.952,-0.00090344
2013/3/12,958.41,980.453,955.098,975.162,793400,907.772,0.013748302
2013/3/11,958.41,962.819,946.066,961.937,972500,895.461,0.01112202
2013/3/8,974.281,975.762,941.658,951.356,1164900,885.612,-0.02264539
2013/3/7,975.162,981.334,969.872,973.399,603600,906.131,0.001814465
2013/3/6,973.399,976.044,966.98,971.636,495800,904.49,0.000908572
2013/3/5,954.002,974.281,954.002,970.754,804900,903.669,0.020389844
2013/3/4,967.227,969.872,948.711,951.356,724700,885.612,-0.01730487
2013/3/1,944.303,971.636,943.421,968.109,901300,901.207,0.023299643
2013/2/28,942.539,957.528,941.658,946.066,1117800,880.687,0.00374202
2013/2/27,931.077,944.866,927.551,942.539,743500,877.404,0.012310475
2013/2/26,931.959,939.894,926.669,931.077,797900,866.734,-0.009380845
2013/2/25,940.776,951.356,935.486,939.894,662100,874.942,-0.000937524
2013/2/22,934.604,945.185,931.959,940.776,626200,875.763,0.011373947
2013/2/21,935.486,935.486,917.852,930.196,880300,865.914,-0.008458307
2013/2/20,928.432,938.131,924.905,938.131,585900,873.301,0.012369034
2013/2/19,922.26,931.077,920.497,926.669,555600,862.631,0.004780648
2013/2/18,927.551,927.551,921.379,922.26,304300,858.526,-0.008531535
2013/2/15,918.734,932.841,915.207,930.196,960600,865.914,0.011505902
2013/2/14,927.551,930.196,919.615,919.615,589000,856.064,-0.008555864
2013/2/13,918.734,931.077,918.734,927.551,766200,863.452,0.006698655
2013/2/12,904.626,921.471,903.745,921.379,820700,857.706,0.017527178
2013/2/11,912.562,912.562,901.099,905.508,364300,842.932,
